<?xml version="1.0" encoding="utf-8"?>
<Project DefaultTargets="Build" ToolsVersion="15.0" xmlns="http://schemas.microsoft.com/developer/msbuild/2003">
  <ItemGroup Label="ProjectConfigurations">
    <ProjectConfiguration Include="Debug|Win32">
      <Configuration>Debug</Configuration>
      <Platform>Win32</Platform>
    </ProjectConfiguration>
    <ProjectConfiguration Include="Release|Win32">
      <Configuration>Release</Configuration>
      <Platform>Win32</Platform>
    </ProjectConfiguration>
    <ProjectConfiguration Include="Debug|x64">
      <Configuration>Debug</Configuration>
      <Platform>x64</Platform>
    </ProjectConfiguration>
    <ProjectConfiguration Include="Release|x64">
      <Configuration>Release</Configuration>
      <Platform>x64</Platform>
    </ProjectConfiguration>
  </ItemGroup>
  <PropertyGroup Label="Globals">
    <VCProjectVersion>15.0</VCProjectVersion>
    <ProjectGuid>{4F87D3E6-04EA-49B6-97B8-1DE40299170F}</ProjectGuid>
    <TargetFrameworkVersion>v4.6.1</TargetFrameworkVersion>
    <Keyword>ManagedCProj</Keyword>
    <RootNamespace>CamSimulatorng27</RootNamespace>
    <WindowsTargetPlatformVersion>10.0.17763.0</WindowsTargetPlatformVersion>
  </PropertyGroup>
  <Import Project="$(VCTargetsPath)\Microsoft.Cpp.Default.props" />
  <PropertyGroup Condition="'$(Configuration)|$(Platform)'=='Debug|Win32'" Label="Configuration">
    <ConfigurationType>Application</ConfigurationType>
    <UseDebugLibraries>true</UseDebugLibraries>
    <PlatformToolset>v141</PlatformToolset>
    <CLRSupport>true</CLRSupport>
    <CharacterSet>Unicode</CharacterSet>
  </PropertyGroup>
  <PropertyGroup Condition="'$(Configuration)|$(Platform)'=='Release|Win32'" Label="Configuration">
    <ConfigurationType>Application</ConfigurationType>
    <UseDebugLibraries>false</UseDebugLibraries>
    <PlatformToolset>v141</PlatformToolset>
    <CLRSupport>true</CLRSupport>
    <CharacterSet>Unicode</CharacterSet>
  </PropertyGroup>
  <PropertyGroup Condition="'$(Configuration)|$(Platform)'=='Debug|x64'" Label="Configuration">
    <ConfigurationType>Application</ConfigurationType>
    <UseDebugLibraries>true</UseDebugLibraries>
    <PlatformToolset>v141</PlatformToolset>
    <CLRSupport>true</CLRSupport>
    <CharacterSet>Unicode</CharacterSet>
  </PropertyGroup>
  <PropertyGroup Condition="'$(Configuration)|$(Platform)'=='Release|x64'" Label="Configuration">
    <ConfigurationType>Application</ConfigurationType>
    <UseDebugLibraries>false</UseDebugLibraries>
    <PlatformToolset>v141</PlatformToolset>
    <CLRSupport>true</CLRSupport>
    <CharacterSet>Unicode</CharacterSet>
  </PropertyGroup>
  <Import Project="$(VCTargetsPath)\Microsoft.Cpp.props" />
  <ImportGroup Label="ExtensionSettings">
  </ImportGroup>
  <ImportGroup Label="Shared">
  </ImportGroup>
  <ImportGroup Label="PropertySheets" Condition="'$(Configuration)|$(Platform)'=='Debug|Win32'">
    <Import Project="$(UserRootDir)\Microsoft.Cpp.$(Platform).user.props" Condition="exists('$(UserRootDir)\Microsoft.Cpp.$(Platform).user.props')" Label="LocalAppDataPlatform" />
  </ImportGroup>
  <ImportGroup Label="PropertySheets" Condition="'$(Configuration)|$(Platform)'=='Release|Win32'">
    <Import Project="$(UserRootDir)\Microsoft.Cpp.$(Platform).user.props" Condition="exists('$(UserRootDir)\Microsoft.Cpp.$(Platform).user.props')" Label="LocalAppDataPlatform" />
  </ImportGroup>
  <ImportGroup Label="PropertySheets" Condition="'$(Configuration)|$(Platform)'=='Debug|x64'">
    <Import Project="$(UserRootDir)\Microsoft.Cpp.$(Platform).user.props" Condition="exists('$(UserRootDir)\Microsoft.Cpp.$(Platform).user.props')" Label="LocalAppDataPlatform" />
  </ImportGroup>
  <ImportGroup Label="PropertySheets" Condition="'$(Configuration)|$(Platform)'=='Release|x64'">
    <Import Project="$(UserRootDir)\Microsoft.Cpp.$(Platform).user.props" Condition="exists('$(UserRootDir)\Microsoft.Cpp.$(Platform).user.props')" Label="LocalAppDataPlatform" />
  </ImportGroup>
  <PropertyGroup Label="UserMacros" />
  <PropertyGroup Condition="'$(Configuration)|$(Platform)'=='Debug|Win32'">
    <LinkIncremental>true</LinkIncremental>
  </PropertyGroup>
  <PropertyGroup Condition="'$(Configuration)|$(Platform)'=='Debug|x64'">
    <LinkIncremental>true</LinkIncremental>
  </PropertyGroup>
  <PropertyGroup Condition="'$(Configuration)|$(Platform)'=='Release|Win32'">
    <LinkIncremental>false</LinkIncremental>
  </PropertyGroup>
  <PropertyGroup Condition="'$(Configuration)|$(Platform)'=='Release|x64'">
    <LinkIncremental>false</LinkIncremental>
  </PropertyGroup>
  <ItemDefinitionGroup Condition="'$(Configuration)|$(Platform)'=='Debug|Win32'">
    <ClCompile>
      <WarningLevel>Level3</WarningLevel>
      <Optimization>Disabled</Optimization>
      <PreprocessorDefinitions>WIN32;_DEBUG;%(PreprocessorDefinitions)</PreprocessorDefinitions>
    </ClCompile>
    <Link>
      <AdditionalDependencies />
    </Link>
  </ItemDefinitionGroup>
  <ItemDefinitionGroup Condition="'$(Configuration)|$(Platform)'=='Debug|x64'">
    <ClCompile>
      <WarningLevel>Level3</WarningLevel>
      <Optimization>Disabled</Optimization>
      <PreprocessorDefinitions>_DEBUG;%(PreprocessorDefinitions)</PreprocessorDefinitions>
    </ClCompile>
    <Link>
      <AdditionalDependencies />
    </Link>
  </ItemDefinitionGroup>
  <ItemDefinitionGroup Condition="'$(Configuration)|$(Platform)'=='Release|Win32'">
    <ClCompile>
      <WarningLevel>Level3</WarningLevel>
      <PreprocessorDefinitions>WIN32;NDEBUG;%(PreprocessorDefinitions)</PreprocessorDefinitions>
    </ClCompile>
    <Link>
      <AdditionalDependencies />
    </Link>
  </ItemDefinitionGroup>
  <ItemDefinitionGroup Condition="'$(Configuration)|$(Platform)'=='Release|x64'">
    <ClCompile>
      <WarningLevel>Level3</WarningLevel>
      <PreprocessorDefinitions>NDEBUG;%(PreprocessorDefinitions)</PreprocessorDefinitions>
    </ClCompile>
    <Link>
      <AdditionalDependencies />
    </Link>
  </ItemDefinitionGroup>
  <ItemGroup>
    <Reference Include="System" />
    <Reference Include="System.Data" />
    <Reference Include="System.Drawing" />
    <Reference Include="System.Windows.Forms" />
    <Reference Include="System.Windows.Forms.DataVisualization" />
    <Reference Include="System.Xml" />
  </ItemGroup>
  <ItemGroup>
    <ClCompile Include="Cam.cpp" />
    <ClCompile Include="CamSimulator.cpp" />
    <ClCompile Include="ColorConverter.cpp" />
    <ClCompile Include="Follower.cpp" />
    <ClCompile Include="Line2D.cpp" />
    <ClCompile Include="MotionOutput.cpp" />
    <ClCompile Include="Shape2D.cpp" />
    <ClCompile Include="Spline2D.cpp" />
  </ItemGroup>
  <ItemGroup>
    <ClInclude Include="Cam.h" />
    <ClInclude Include="CamEditor.h">
      <FileType>CppForm</FileType>
    </ClInclude>
    <ClInclude Include="CamSimulator.h">
      <FileType>CppForm</FileType>
    </ClInclude>
    <ClInclude Include="ColorConverter.h" />
    <ClInclude Include="FlickerLessPanel.h" />
    <ClInclude Include="Follower.h" />
    <ClInclude Include="Line2D.h" />
    <ClInclude Include="MotionOutput.h" />
    <ClInclude Include="MotionViewer.h">
      <FileType>CppForm</FileType>
    </ClInclude>
    <ClInclude Include="Shape2D.h" />
    <ClInclude Include="Spline2D.h" />
    <ClInclude Include="StringPlus.h" />
  </ItemGroup>
  <ItemGroup>
    <EmbeddedResource Include="CamEditor.resx">
      <DependentUpon>CamEditor.h</DependentUpon>
    </EmbeddedResource>
    <EmbeddedResource Include="CamSimulator.resx">
      <DependentUpon>CamSimulator.h</DependentUpon>
    </EmbeddedResource>
    <EmbeddedResource Include="MotionViewer.resx">
      <DependentUpon>MotionViewer.h</DependentUpon>
    </EmbeddedResource>
  </ItemGroup>
  <Import Project="$(VCTargetsPath)\Microsoft.Cpp.targets" />
  <ImportGroup Label="ExtensionTargets">
  </ImportGroup>
</Project>